"Frequency (Hz)","Absolute Amplitude (a.u.)"
2.343750000E1,1.500398646E1
4.687500000E1,1.091518080E1
7.031250000E1,2.361166196E0
9.375000000E1,3.238915364E0
1.171875000E2,1.116867484E1
1.406250000E2,5.494302693E0
1.640625000E2,6.321892481E0
1.875000000E2,3.016672298E0
2.109375000E2,2.107553533E0
2.343750000E2,7.010786713E0
2.578125000E2,1.441465476E0
2.812500000E2,3.816151010E0
3.046875000E2,6.326923577E0
3.281250000E2,5.474540959E0
3.515625000E2,3.839108641E0
3.750000000E2,3.226167818E0
3.984375000E2,5.640557070E0
4.218750000E2,3.299426157E0
4.453125000E2,4.886768584E0
4.687500000E2,1.562541740E1
4.921875000E2,5.061443822E0
5.156250000E2,1.468084715E1
5.390625000E2,1.888942976E1
5.625000000E2,9.277718099E0
5.859375000E2,1.114803886E1
6.093750000E2,1.051297826E1
6.328125000E2,1.099831067E1
6.562500000E2,4.176367393E0
6.796875000E2,8.653095226E0
7.031250000E2,5.675717511E0
7.265625000E2,9.625816574E0
7.500000000E2,5.827326999E0
7.734375000E2,1.116402021E0
7.968750000E2,1.888069835E0
8.203125000E2,6.335863996E0
8.437500000E2,3.081159919E0
8.671875000E2,4.256259617E0
8.906250000E2,7.843638088E0
9.140625000E2,8.594649710E0
9.375000000E2,1.492001886E1
9.609375000E2,6.702573632E0
9.843750000E2,2.225220625E0
1.007812500E3,6.212137708E0
1.031250000E3,1.004920735E1
1.054687500E3,2.140860918E0
1.078125000E3,9.864583794E0
1.101562500E3,1.233615812E1
1.125000000E3,1.395381259E1
1.148437500E3,7.648283164E0
1.171875000E3,8.842010108E0
1.195312500E3,8.775901200E0
1.218750000E3,1.488493754E1
1.242187500E3,4.035871498E0
1.265625000E3,1.081679231E0
1.289062500E3,6.136341691E0
1.312500000E3,9.123266298E0
1.335937500E3,1.058664302E1
1.359375000E3,9.260876481E0
1.382812500E3,4.532173100E0
1.406250000E3,2.950189249E0
1.429687500E3,8.270232293E-1
1.453125000E3,5.421977872E0
1.476562500E3,5.558599659E0
1.500000000E3,9.594008312E0
1.523437500E3,1.729866097E1
1.546875000E3,5.204884102E0
1.570312500E3,2.989364538E1
1.593750000E3,1.429840418E1
1.617187500E3,1.543058159E1
1.640625000E3,8.085867047E0
1.664062500E3,1.352074626E1
1.687500000E3,2.133209826E1
1.710937500E3,2.254686678E1
1.734375000E3,7.794774885E0
1.757812500E3,7.004041140E0
1.781250000E3,6.291113421E0
1.804687500E3,4.155737909E0
1.828125000E3,6.539695531E0
1.851562500E3,1.053924088E1
1.875000000E3,1.037453987E1
1.898437500E3,9.412034648E-1
1.921875000E3,6.212947943E0
1.945312500E3,5.973953989E0
1.968750000E3,1.100574335E1
1.992187500E3,9.829209382E0
2.015625000E3,6.686748920E0
2.039062500E3,1.962009301E1
2.062500000E3,4.466733406E0
2.085937500E3,7.332454741E0
2.109375000E3,1.474012491E1
2.132812500E3,1.077275000E1
2.156250000E3,6.357393786E0
2.179687500E3,2.812822970E1
2.203125000E3,1.161318227E1
2.226562500E3,1.676115948E1
2.250000000E3,1.479520873E1
2.273437500E3,1.877102687E1
2.296875000E3,1.974067215E1
2.320312500E3,1.086488902E1
2.343750000E3,6.878961952E0
2.367187500E3,1.352118237E1
2.390625000E3,9.796716879E0
2.414062500E3,6.890568089E0
2.437500000E3,1.570283080E1
2.460937500E3,1.746403799E1
2.484375000E3,7.393946208E0
2.507812500E3,7.576357546E0
2.531250000E3,1.072113130E1
2.554687500E3,1.208866099E1
2.578125000E3,2.431553771E0
2.601562500E3,6.810392119E0
2.625000000E3,1.758479444E1
2.648437500E3,1.398309015E1
2.671875000E3,1.588821725E1
2.695312500E3,2.640446989E0
2.718750000E3,6.912339240E0
2.742187500E3,8.332113100E0
2.765625000E3,9.701062885E0
2.789062500E3,9.851904001E0
2.812500000E3,5.012769824E0
2.835937500E3,1.689839151E1
2.859375000E3,1.651908072E1
2.882812500E3,6.020130289E0
2.906250000E3,4.751826880E0
2.929687500E3,3.058116451E0
2.953125000E3,2.766634523E0
2.976562500E3,1.443788406E1
3.000000000E3,3.480378573E0
3.023437500E3,5.015252185E0
3.046875000E3,6.949294678E0
3.070312500E3,2.207049886E1
3.093750000E3,1.524832226E1
3.117187500E3,1.588040263E1
3.140625000E3,3.265543367E1
3.164062500E3,3.570903275E0
3.187500000E3,9.201981679E0
3.210937500E3,8.426749096E0
3.234375000E3,2.400418056E0
3.257812500E3,2.961493846E0
3.281250000E3,3.471380411E1
3.304687500E3,2.031629708E1
3.328125000E3,7.663477374E0
3.351562500E3,1.769944401E1
3.375000000E3,2.961474147E1
3.398437500E3,1.431429729E1
3.421875000E3,7.927087322E0
3.445312500E3,5.146286847E0
3.468750000E3,1.430044090E1
3.492187500E3,3.027041161E1
3.515625000E3,2.758116356E1
3.539062500E3,1.158712196E1
3.562500000E3,8.066304970E0
3.585937500E3,2.208758560E1
3.609375000E3,1.033145416E1
3.632812500E3,7.882211400E0
3.656250000E3,9.918566673E0
3.679687500E3,1.579930808E1
3.703125000E3,2.209612202E1
3.726562500E3,1.028092575E1
3.750000000E3,5.368733179E0
3.773437500E3,3.185220796E1
3.796875000E3,2.856438319E1
3.820312500E3,1.012529318E1
3.843750000E3,1.120985359E1
3.867187500E3,1.785566769E1
3.890625000E3,1.846031740E1
3.914062500E3,7.387615866E0
3.937500000E3,5.938789191E0
3.960937500E3,4.974645635E0
3.984375000E3,1.031856875E1
4.007812500E3,1.258260415E1
4.031250000E3,4.064123379E1
4.054687500E3,1.793893299E1
4.078125000E3,9.309295128E0
4.101562500E3,8.484066703E0
4.125000000E3,2.308913369E1
4.148437500E3,8.767761949E0
4.171875000E3,1.924650055E1
4.195312500E3,2.703802719E1
4.218750000E3,3.243460804E1
4.242187500E3,3.917898543E1
4.265625000E3,4.454539845E1
4.289062500E3,2.403271727E1
4.312500000E3,1.593331888E1
4.335937500E3,7.448222369E1
4.359375000E3,3.925795663E1
4.382812500E3,1.824350959E1
4.406250000E3,4.494745013E1
4.429687500E3,6.886694567E1
4.453125000E3,5.029774241E1
4.476562500E3,3.240435633E1
4.500000000E3,6.075080749E1
4.523437500E3,6.310650485E1
4.546875000E3,5.532310169E1
4.570312500E3,3.510529475E1
4.593750000E3,4.269810351E1
4.617187500E3,3.212169908E1
4.640625000E3,4.867694508E1
4.664062500E3,2.995904008E1
4.687500000E3,2.097138735E1
4.710937500E3,4.617905017E1
4.734375000E3,5.887443257E0
4.757812500E3,1.474981622E1
4.781250000E3,3.714393777E1
4.804687500E3,1.061331803E1
4.828125000E3,7.922121299E0
4.851562500E3,2.000954122E1
4.875000000E3,1.940583420E1
4.898437500E3,3.017778310E1
4.921875000E3,1.227287039E1
4.945312500E3,1.259236612E1
4.968750000E3,2.925259304E1
4.992187500E3,3.064886382E1
5.015625000E3,5.274086660E1
5.039062500E3,1.609399350E1
5.062500000E3,7.469981534E1
5.085937500E3,2.521207827E1
5.109375000E3,2.013578942E1
5.132812500E3,5.519681196E1
5.156250000E3,1.164867789E1
5.179687500E3,3.974778684E1
5.203125000E3,3.234135943E1
5.226562500E3,3.894151952E1
5.250000000E3,6.695420400E1
5.273437500E3,7.612105115E1
5.296875000E3,6.178874959E1
5.320312500E3,5.544805400E1
5.343750000E3,4.984781756E1
5.367187500E3,5.399308258E1
5.390625000E3,7.936733230E1
5.414062500E3,5.787603361E1
5.437500000E3,4.138557048E1
5.460937500E3,1.050564702E2
5.484375000E3,7.046411177E1
5.507812500E3,5.818637394E1
5.531250000E3,2.662203756E1
5.554687500E3,2.100637061E1
5.578125000E3,4.901735358E1
5.601562500E3,2.931372996E1
5.625000000E3,1.213500491E1
5.648437500E3,4.816740243E1
5.671875000E3,5.109976731E1
5.695312500E3,2.869215031E1
5.718750000E3,2.291493335E1
5.742187500E3,5.636131349E1
5.765625000E3,1.644690877E1
5.789062500E3,2.982034828E1
5.812500000E3,1.692676460E1
5.835937500E3,2.367604786E1
5.859375000E3,6.367753893E0
5.882812500E3,3.964824582E1
5.906250000E3,1.820758999E1
5.929687500E3,1.125606129E1
5.953125000E3,1.952326965E1
5.976562500E3,1.672091834E1
6.000000000E3,2.813511447E1
6.023437500E3,1.179771972E1
6.046875000E3,1.541713958E1
6.070312500E3,2.684678494E0
6.093750000E3,2.246702526E1
6.117187500E3,1.565059342E1
6.140625000E3,8.579342939E0
6.164062500E3,5.795047350E0
6.187500000E3,7.593135563E0
6.210937500E3,2.065394548E1
6.234375000E3,1.886815191E0
6.257812500E3,8.317437556E0
6.281250000E3,4.288257809E0
6.304687500E3,1.012301507E1
6.328125000E3,1.113825263E1
6.351562500E3,1.340145110E1
6.375000000E3,1.342052119E1
6.398437500E3,1.692937484E1
6.421875000E3,1.628994958E1
6.445312500E3,1.093334480E1
6.468750000E3,9.654394901E0
6.492187500E3,1.893053225E1
6.515625000E3,7.084113072E0
6.539062500E3,1.191507021E1
6.562500000E3,2.127777668E0
6.585937500E3,1.354682287E0
6.609375000E3,1.056136421E1
6.632812500E3,2.022975722E1
6.656250000E3,1.007813689E1
6.679687500E3,7.191408035E0
6.703125000E3,1.082027297E1
6.726562500E3,8.550801160E0
6.750000000E3,4.556841503E0
6.773437500E3,1.548987930E1
6.796875000E3,1.200145377E1
6.820312500E3,1.095113436E1
6.843750000E3,1.114281564E1
6.867187500E3,1.290519844E1
6.890625000E3,7.436376266E0
6.914062500E3,1.080341510E1
6.937500000E3,2.291792813E1
6.960937500E3,4.668820417E0
6.984375000E3,9.321881578E0
7.007812500E3,1.694902482E1
7.031250000E3,1.938892813E1
7.054687500E3,1.704251803E1
7.078125000E3,1.573464651E1
7.101562500E3,1.419067138E1
7.125000000E3,1.338827822E1
7.148437500E3,2.785483007E1
7.171875000E3,3.497639352E0
7.195312500E3,2.137545240E1
7.218750000E3,1.558805061E1
7.242187500E3,2.850012855E1
7.265625000E3,2.558394350E1
7.289062500E3,2.525312335E1
7.312500000E3,3.896868125E0
7.335937500E3,4.615374114E1
7.359375000E3,3.282493926E1
7.382812500E3,3.049018966E1
7.406250000E3,3.822279355E1
7.429687500E3,8.553094836E0
7.453125000E3,2.288174012E1
7.476562500E3,1.427949214E1
7.500000000E3,2.090917408E1
7.523437500E3,7.414850336E0
7.546875000E3,2.289583401E1
7.570312500E3,4.803444008E1
7.593750000E3,4.994165340E0
7.617187500E3,9.360991387E0
7.640625000E3,1.706827201E1
7.664062500E3,2.593470952E1
7.687500000E3,2.401718399E1
7.710937500E3,1.459129064E1
7.734375000E3,3.816524361E1
7.757812500E3,3.221723566E1
7.781250000E3,4.554038077E1
7.804687500E3,2.126069212E1
7.828125000E3,2.138890966E1
7.851562500E3,1.867771546E1
7.875000000E3,1.818821419E1
7.898437500E3,3.794025361E1
7.921875000E3,3.669363130E1
7.945312500E3,5.285951975E0
7.968750000E3,1.155959644E1
7.992187500E3,3.873276318E1
8.015625000E3,4.884326675E0
8.039062500E3,5.049089672E0
8.062500000E3,1.980442758E1
8.085937500E3,2.051732597E1
8.109375000E3,1.138737338E1
8.132812500E3,3.790473364E1
8.156250000E3,1.099209268E1
8.179687500E3,2.732583311E1
8.203125000E3,3.387179771E1
8.226562500E3,1.320893026E1
8.250000000E3,1.844938623E1
8.273437500E3,1.752560926E1
8.296875000E3,2.609665249E1
8.320312500E3,1.009507574E1
8.343750000E3,2.387756435E1
8.367187500E3,1.153028044E1
8.390625000E3,1.510169782E0
8.414062500E3,2.804327518E0
8.437500000E3,8.375686440E0
8.460937500E3,1.038003019E1
8.484375000E3,1.073255501E1
8.507812500E3,1.295155881E1
8.531250000E3,2.435182489E1
8.554687500E3,8.613121084E0
8.578125000E3,8.641133826E0
8.601562500E3,1.439625361E1
8.625000000E3,2.058855382E1
8.648437500E3,7.665960021E0
8.671875000E3,1.050123280E1
8.695312500E3,1.638044128E1
8.718750000E3,8.782325256E0
8.742187500E3,1.138982679E1
8.765625000E3,9.103354490E0
8.789062500E3,1.653799690E1
8.812500000E3,1.906627568E1
8.835937500E3,2.441980561E1
8.859375000E3,1.499557062E0
8.882812500E3,1.194178955E1
8.906250000E3,2.721109723E1
8.929687500E3,7.152678286E0
8.953125000E3,2.002422391E1
8.976562500E3,7.478402581E0
9.000000000E3,1.510090868E1
9.023437500E3,1.746560791E0
9.046875000E3,6.500919818E0
9.070312500E3,7.305690659E0
9.093750000E3,1.062313361E1
9.117187500E3,7.181149905E0
9.140625000E3,1.590155805E1
9.164062500E3,1.022050788E1
9.187500000E3,7.298531968E0
9.210937500E3,4.177847716E0
9.234375000E3,1.611590282E1
9.257812500E3,5.746815650E0
9.281250000E3,9.118819802E0
9.304687500E3,7.365653598E0
9.328125000E3,7.899891825E0
9.351562500E3,1.664090091E1
9.375000000E3,3.649083757E0
9.398437500E3,1.672250256E1
9.421875000E3,1.069642526E1
9.445312500E3,4.770149319E0
9.468750000E3,1.273726229E1
9.492187500E3,1.508921794E1
9.515625000E3,9.432508138E0
9.539062500E3,1.234183395E1
9.562500000E3,8.444939220E0
9.585937500E3,2.141379720E1
9.609375000E3,4.092311156E0
9.632812500E3,5.134529894E0
9.656250000E3,1.287452655E1
9.679687500E3,9.165473231E0
9.703125000E3,1.229075626E1
9.726562500E3,7.355364068E0
9.750000000E3,7.530920503E0
9.773437500E3,1.952593698E1
9.796875000E3,7.424764126E0
9.820312500E3,9.015319410E0
9.843750000E3,9.688663123E0
9.867187500E3,1.445403654E0
9.890625000E3,1.292229298E1
9.914062500E3,6.119798397E0
9.937500000E3,1.245102670E1
9.960937500E3,4.356559284E0
9.984375000E3,7.608494341E0
1.000781250E4,8.075541094E0
1.003125000E4,4.443167505E0
1.005468750E4,7.087575139E0
1.007812500E4,9.636072324E0
1.010156250E4,6.877365589E0
1.012500000E4,4.826475459E0
1.014843750E4,4.251376106E0
1.017187500E4,1.002466817E1
1.019531250E4,4.382445817E0
1.021875000E4,9.472642099E0
1.024218750E4,1.047604388E1
1.026562500E4,4.667376171E0
1.028906250E4,2.767273192E0
1.031250000E4,1.879088493E0
1.033593750E4,7.842520738E0
1.035937500E4,1.084666633E1
1.038281250E4,1.046760001E1
1.040625000E4,4.850634717E0
1.042968750E4,3.313353983E0
1.045312500E4,1.067535255E1
1.047656250E4,5.970128931E0
1.050000000E4,1.378760198E1
1.052343750E4,6.355514696E0
1.054687500E4,1.049548456E1
1.057031250E4,4.751675968E0
1.059375000E4,1.110366695E1
1.061718750E4,3.207643445E0
1.064062500E4,1.289050932E0
1.066406250E4,7.764902349E0
1.068750000E4,5.907233152E0
1.071093750E4,4.798595056E0
1.073437500E4,3.840389046E0
1.075781250E4,1.323467454E0
1.078125000E4,3.334708448E-1
1.080468750E4,2.439242345E0
1.082812500E4,3.568830567E0
1.085156250E4,1.033494991E1
1.087500000E4,8.301591881E0
1.089843750E4,1.475971174E0
1.092187500E4,3.985017074E-1
1.094531250E4,1.014334585E1
1.096875000E4,3.147446979E0
1.099218750E4,4.315662176E0
1.101562500E4,6.885435667E0
1.103906250E4,7.541015528E0
1.106250000E4,6.824229700E0
1.108593750E4,3.259820271E0
1.110937500E4,2.404485521E0
1.113281250E4,4.740200003E0
1.115625000E4,5.281197495E0
1.117968750E4,4.785233744E0
1.120312500E4,8.445995242E0
1.122656250E4,3.472140440E0
1.125000000E4,4.426463538E0
1.127343750E4,6.748214525E0
1.129687500E4,8.435450686E0
1.132031250E4,6.835763039E0
1.134375000E4,4.095292173E0
1.136718750E4,2.957537540E0
1.139062500E4,4.207724953E0
1.141406250E4,3.569091808E0
1.143750000E4,8.815107480E0
1.146093750E4,8.549311857E0
1.148437500E4,5.364354570E0
1.150781250E4,4.625653367E-1
1.153125000E4,5.718563365E0
1.155468750E4,4.054486493E0
1.157812500E4,3.199904413E0
1.160156250E4,9.613513342E0
1.162500000E4,1.847913008E1
1.164843750E4,6.917450650E0
1.167187500E4,1.930823767E0
1.169531250E4,1.420280859E1
1.171875000E4,4.086045740E0
1.174218750E4,9.204841240E0
1.176562500E4,2.816933602E0
1.178906250E4,7.225528262E0
1.181250000E4,8.680543859E0
1.183593750E4,9.880841277E0
1.185937500E4,4.838930977E0
1.188281250E4,3.563815990E0
1.190625000E4,1.107953510E1
1.192968750E4,4.842965299E0
1.195312500E4,3.685454350E0
1.197656250E4,5.267249149E0
1.200000000E4,4.585603272E0
1.202343750E4,6.903488543E0
1.204687500E4,9.639961672E0
1.207031250E4,7.004803319E0
1.209375000E4,5.366897857E0
1.211718750E4,8.279497046E0
1.214062500E4,1.342881446E1
1.216406250E4,3.325359740E0
1.218750000E4,3.093627218E0
1.221093750E4,6.026336631E0
1.223437500E4,3.754295414E0
1.225781250E4,4.560629024E0
1.228125000E4,7.707320491E0
1.230468750E4,9.941704726E0
1.232812500E4,7.199652086E0
1.235156250E4,1.032368698E1
1.237500000E4,9.444316218E0
1.239843750E4,1.698452383E0
1.242187500E4,5.386533157E0
1.244531250E4,5.996087415E0
1.246875000E4,9.873763699E0
1.249218750E4,7.522047883E0
1.251562500E4,9.661961140E0
1.253906250E4,7.353316376E0
1.256250000E4,1.036842542E1
1.258593750E4,6.899950643E0
1.260937500E4,1.281057585E1
1.263281250E4,8.595955308E0
1.265625000E4,3.404140457E0
1.267968750E4,1.467841016E1
1.270312500E4,1.895561128E1
1.272656250E4,3.952281040E0
1.275000000E4,4.617671777E0
1.277343750E4,1.211122612E1
1.279687500E4,5.850323294E0
1.282031250E4,1.334169766E1
1.284375000E4,2.601221624E0
1.286718750E4,7.463230043E0
1.289062500E4,1.086583715E1
1.291406250E4,9.538906642E0
1.293750000E4,1.029579228E1
1.296093750E4,6.854209266E0
1.298437500E4,6.001525206E0
1.300781250E4,2.248214113E0
1.303125000E4,1.278464176E1
1.305468750E4,6.299506102E0
1.307812500E4,4.918465466E0
1.310156250E4,7.210578460E0
1.312500000E4,1.138722715E1
1.314843750E4,1.587704850E1
1.317187500E4,3.871369343E0
1.319531250E4,9.052877258E0
1.321875000E4,9.541080906E0
1.324218750E4,4.815395225E0
1.326562500E4,9.612713033E0
1.328906250E4,2.941045931E0
1.331250000E4,7.174592385E0
1.333593750E4,6.225144228E0
1.335937500E4,5.411354404E0
1.338281250E4,1.462466955E0
1.340625000E4,6.337918112E0
1.342968750E4,7.290865778E0
1.345312500E4,5.130597105E0
1.347656250E4,1.169131459E1
1.350000000E4,4.687541430E0
1.352343750E4,9.165153024E0
1.354687500E4,1.959958165E1
1.357031250E4,1.214156803E1
1.359375000E4,2.680827035E1
1.361718750E4,5.639204334E0
1.364062500E4,3.271583848E0
1.366406250E4,5.659350745E0
1.368750000E4,9.309455664E0
1.371093750E4,4.109223923E0
1.373437500E4,2.297692418E0
1.375781250E4,3.043671892E0
1.378125000E4,1.948525587E1
1.380468750E4,5.025354932E0
1.382812500E4,7.982942436E0
1.385156250E4,2.293983569E0
1.387500000E4,3.129590354E0
1.389843750E4,7.607389879E0
1.392187500E4,4.460890067E0
1.394531250E4,7.519253996E0
1.396875000E4,6.008540811E0
1.399218750E4,7.100968203E0
1.401562500E4,5.360248810E0
1.403906250E4,2.693406813E0
1.406250000E4,8.166885626E0
1.408593750E4,4.606591534E0
1.410937500E4,8.549583712E0
1.413281250E4,4.160729799E0
1.415625000E4,3.957822490E0
1.417968750E4,2.836244282E0
1.420312500E4,9.124931419E0
1.422656250E4,2.963582968E-1
1.425000000E4,9.509632182E0
1.427343750E4,6.958455748E0
1.429687500E4,1.215242203E1
1.432031250E4,8.084632948E0
1.434375000E4,3.052138131E0
1.436718750E4,8.583985241E0
1.439062500E4,7.312905333E0
1.441406250E4,4.012128204E0
1.443750000E4,4.050617087E0
1.446093750E4,1.788195600E1
1.448437500E4,5.559945424E0
1.450781250E4,6.975122578E0
1.453125000E4,3.496596278E0
1.455468750E4,1.479753086E0
1.457812500E4,6.066927989E0
1.460156250E4,3.010304382E0
1.462500000E4,1.227309602E1
1.464843750E4,8.532441323E0
1.467187500E4,7.397252571E0
1.469531250E4,1.819621707E0
1.471875000E4,2.810430818E0
1.474218750E4,1.560019068E0
1.476562500E4,8.321867330E0
1.478906250E4,2.361516395E0
1.481250000E4,3.393426874E0
1.483593750E4,3.405669787E0
1.485937500E4,1.152568455E1
1.488281250E4,9.215096047E0
1.490625000E4,2.787576380E0
1.492968750E4,1.039540538E0
1.495312500E4,1.646103527E0
1.497656250E4,4.606325500E0
1.500000000E4,8.029152173E0
1.502343750E4,2.061611442E0
1.504687500E4,3.414181768E0
1.507031250E4,2.155097177E0
1.509375000E4,3.168229995E-1
1.511718750E4,4.221710266E0
1.514062500E4,2.468672550E0
1.516406250E4,1.660975823E0
1.518750000E4,2.386326694E0
1.521093750E4,5.293577572E0
1.523437500E4,7.613416986E0
1.525781250E4,5.186306956E0
1.528125000E4,2.885498365E0
1.530468750E4,5.731574156E0
1.532812500E4,3.485854801E0
1.535156250E4,5.717197603E0
1.537500000E4,3.069112934E0
1.539843750E4,6.005109291E0
1.542187500E4,4.819963819E0
1.544531250E4,3.223624005E0
1.546875000E4,4.296567191E0
1.549218750E4,3.714631459E0
1.551562500E4,4.142859430E0
1.553906250E4,3.254625140E0
1.556250000E4,2.550526426E0
1.558593750E4,5.589507782E0
1.560937500E4,7.498618384E0
1.563281250E4,1.796367777E0
1.565625000E4,3.685088508E0
1.567968750E4,4.052082711E0
1.570312500E4,5.910383330E0
1.572656250E4,4.090068123E0
1.575000000E4,3.517952356E0
1.577343750E4,5.170320600E0
1.579687500E4,1.328415233E0
1.582031250E4,3.270581176E0
1.584375000E4,1.115118349E0
1.586718750E4,2.550640885E0
1.589062500E4,4.997137335E0
1.591406250E4,1.890322018E0
1.593750000E4,3.709207044E0
1.596093750E4,1.143842810E0
1.598437500E4,1.648429408E0
1.600781250E4,1.097481858E0
1.603125000E4,3.619487094E0
1.605468750E4,3.023744225E0
1.607812500E4,4.483865769E0
1.610156250E4,5.520146284E0
1.612500000E4,1.040140420E0
1.614843750E4,2.639226105E0
1.617187500E4,3.002284840E0
1.619531250E4,5.876587755E-1
1.621875000E4,2.427727833E0
1.624218750E4,2.646972997E0
1.626562500E4,4.674527886E0
1.628906250E4,1.586638678E0
1.631250000E4,1.668357187E0
1.633593750E4,1.673860239E0
1.635937500E4,5.302042983E0
1.638281250E4,5.155211555E0
1.640625000E4,1.758216356E0
1.642968750E4,2.742561344E0
1.645312500E4,5.187479606E0
1.647656250E4,2.890959105E0
1.650000000E4,5.563550220E0
1.652343750E4,4.078801753E0
1.654687500E4,5.267467052E0
1.657031250E4,2.390208833E0
1.659375000E4,2.034793562E0
1.661718750E4,1.929331344E0
1.664062500E4,4.569016992E0
1.666406250E4,3.779461299E0
1.668750000E4,1.328783873E0
1.671093750E4,1.412910681E0
1.673437500E4,2.182035801E0
1.675781250E4,2.565809764E0
1.678125000E4,4.664754599E0
1.680468750E4,2.014999580E0
1.682812500E4,1.084024158E0
1.685156250E4,3.376028852E-1
1.687500000E4,2.279936445E0
1.689843750E4,2.652394346E0
1.692187500E4,1.545843761E0
1.694531250E4,3.806658269E0
1.696875000E4,1.851555063E-1
1.699218750E4,4.546073028E0
1.701562500E4,2.952005671E0
1.703906250E4,2.291927563E0
1.706250000E4,1.849824972E0
1.708593750E4,4.389166603E0
1.710937500E4,3.410352266E0
1.713281250E4,2.227576149E0
1.715625000E4,1.128293416E0
1.717968750E4,9.622447729E-1
1.720312500E4,1.492931078E0
1.722656250E4,9.205206204E-1
1.725000000E4,2.122879872E0
1.727343750E4,5.941997970E0
1.729687500E4,3.156619175E0
1.732031250E4,1.915926040E0
1.734375000E4,1.723968388E0
1.736718750E4,1.599990034E0
1.739062500E4,2.172209864E0
1.741406250E4,2.642953091E0
1.743750000E4,2.591213201E0
1.746093750E4,2.004149014E0
1.748437500E4,5.353664229E-1
1.750781250E4,5.226491742E-1
1.753125000E4,3.879637968E0
1.755468750E4,1.983202535E0
1.757812500E4,3.538347897E0
1.760156250E4,5.621327419E0
1.762500000E4,4.562906740E0
1.764843750E4,3.494035150E0
1.767187500E4,1.923403476E0
1.769531250E4,2.085805715E0
1.771875000E4,1.638497362E0
1.774218750E4,5.361710030E-1
1.776562500E4,9.220183867E-1
1.778906250E4,2.935918425E0
1.781250000E4,4.791667075E0
1.783593750E4,5.563419294E0
1.785937500E4,1.349563439E0
1.788281250E4,9.632082208E-1
1.790625000E4,2.690866326E0
1.792968750E4,3.007280837E0
1.795312500E4,4.910790212E0
1.797656250E4,4.940787572E0
1.800000000E4,2.758857194E0
1.802343750E4,2.880897769E0
1.804687500E4,9.234227832E0
1.807031250E4,2.749891566E0
1.809375000E4,2.144414947E0
1.811718750E4,4.030386092E0
1.814062500E4,3.644279616E0
1.816406250E4,6.762590564E0
1.818750000E4,4.436140261E0
1.821093750E4,3.039576209E0
1.823437500E4,4.812880737E0
1.825781250E4,4.567826156E0
1.828125000E4,7.583644078E0
1.830468750E4,2.438116096E0
1.832812500E4,6.468578288E0
1.835156250E4,6.489096603E0
1.837500000E4,3.007850732E0
1.839843750E4,4.503289224E0
1.842187500E4,8.820967747E0
1.844531250E4,5.237893933E0
1.846875000E4,1.499429212E0
1.849218750E4,7.578280138E0
1.851562500E4,2.163742127E0
1.853906250E4,1.130237450E0
1.856250000E4,1.565694653E0
1.858593750E4,2.388275847E0
1.860937500E4,1.491914909E0
1.863281250E4,9.387279892E0
1.865625000E4,2.170144927E0
1.867968750E4,2.326612923E0
1.870312500E4,5.047650402E0
1.872656250E4,2.125797087E0
1.875000000E4,7.300591709E0
1.877343750E4,4.861835050E0
1.879687500E4,3.752562219E0
1.882031250E4,4.732396914E0
1.884375000E4,9.742796122E0
1.886718750E4,7.027095556E0
1.889062500E4,1.692731004E0
1.891406250E4,2.097771817E0
1.893750000E4,5.509771262E0
1.896093750E4,1.443105186E0
1.898437500E4,1.550013219E1
1.900781250E4,2.421665624E0
1.903125000E4,4.688424076E0
1.905468750E4,6.557819523E-1
1.907812500E4,1.623947371E0
1.910156250E4,2.358399512E0
1.912500000E4,1.547200466E0
1.914843750E4,7.087071417E0
1.917187500E4,3.511780698E0
1.919531250E4,5.280846634E0
1.921875000E4,4.881694451E0
1.924218750E4,3.321394586E0
1.926562500E4,4.594401958E0
1.928906250E4,5.403335973E0
1.931250000E4,1.682958575E0
1.933593750E4,2.709868795E0
1.935937500E4,5.820484960E0
1.938281250E4,1.414975061E0
1.940625000E4,3.555876181E0
1.942968750E4,4.523883305E0
1.945312500E4,2.676106672E0
1.947656250E4,4.482437392E0
1.950000000E4,2.428217375E0
1.952343750E4,1.774540638E0
1.954687500E4,3.601598955E0
1.957031250E4,4.501651981E0
1.959375000E4,3.034894126E0
1.961718750E4,5.311492956E0
1.964062500E4,6.555956228E0
1.966406250E4,3.757472464E0
1.968750000E4,6.358524483E0
1.971093750E4,2.757990690E0
1.973437500E4,2.752489037E0
1.975781250E4,3.163374236E0
1.978125000E4,1.090644033E0
1.980468750E4,1.838013191E0
1.982812500E4,3.706504026E0
1.985156250E4,5.490399870E0
1.987500000E4,6.244433063E0
1.989843750E4,4.740622722E0
1.992187500E4,2.221955609E0
1.994531250E4,2.011434663E-1
1.996875000E4,6.153426787E0
1.999218750E4,5.593470320E0
2.001562500E4,7.337444849E0
2.003906250E4,8.178337966E0
2.006250000E4,2.455045596E0
2.008593750E4,1.583045483E0
2.010937500E4,1.035729626E0
2.013281250E4,4.612120738E0
2.015625000E4,4.628239433E0
2.017968750E4,7.780796026E0
2.020312500E4,6.755326665E0
2.022656250E4,2.294367228E0
2.025000000E4,4.990943546E0
2.027343750E4,1.908890925E0
2.029687500E4,5.734906797E0
2.032031250E4,3.962827347E0
2.034375000E4,1.363005227E0
2.036718750E4,7.386539415E-1
2.039062500E4,1.040384623E0
2.041406250E4,2.828133213E0
2.043750000E4,5.561577410E0
2.046093750E4,5.028291539E0
2.048437500E4,4.891707559E0
2.050781250E4,2.105574355E0
2.053125000E4,3.945516774E0
2.055468750E4,1.728230171E0
2.057812500E4,2.891750779E0
2.060156250E4,1.295644354E0
2.062500000E4,3.808622006E0
2.064843750E4,1.571221802E0
2.067187500E4,9.275850009E-1
2.069531250E4,1.341968162E0
2.071875000E4,4.332450168E0
2.074218750E4,2.326214902E0
2.076562500E4,4.281644109E0
2.078906250E4,8.266687527E-1
2.081250000E4,6.905176112E-1
2.083593750E4,4.465619317E-1
2.085937500E4,1.691442779E0
2.088281250E4,4.623957418E0
2.090625000E4,2.467198690E0
2.092968750E4,3.039451465E0
2.095312500E4,2.623665042E0
2.097656250E4,5.158665466E-1
2.100000000E4,3.006318061E0
2.102343750E4,1.533861567E0
2.104687500E4,1.616471231E0
2.107031250E4,3.401409879E0
2.109375000E4,1.697820989E0
2.111718750E4,4.629167540E-1
2.114062500E4,1.624341802E0
2.116406250E4,1.835313604E0
2.118750000E4,2.103864945E0
2.121093750E4,2.847319568E-1
2.123437500E4,2.937478474E0
2.125781250E4,2.500903689E0
2.128125000E4,4.555337416E-1
2.130468750E4,3.270398091E0
2.132812500E4,2.248221095E0
2.135156250E4,2.489662135E0
2.137500000E4,6.543981065E-1
2.139843750E4,4.014351926E0
2.142187500E4,1.618559315E0
2.144531250E4,1.024548305E0
2.146875000E4,3.667628281E0
2.149218750E4,1.282364354E0
2.151562500E4,2.575861133E0
2.153906250E4,5.093237815E-1
2.156250000E4,8.171378676E-1
2.158593750E4,3.798175878E0
2.160937500E4,2.610751957E0
2.163281250E4,4.613444554E0
2.165625000E4,2.180305698E0
2.167968750E4,9.980957138E-1
2.170312500E4,3.554676376E0
2.172656250E4,1.282004142E0
2.175000000E4,1.593514448E0
2.177343750E4,2.176575522E0
2.179687500E4,4.492128528E0
2.182031250E4,3.809200479E0
2.184375000E4,4.782103169E0
2.186718750E4,5.930125585E0
2.189062500E4,2.957092720E0
2.191406250E4,4.268423300E0
2.193750000E4,2.436436457E0
2.196093750E4,2.559207437E0
2.198437500E4,4.835461192E0
2.200781250E4,3.606185858E0
2.203125000E4,3.083766158E0
2.205468750E4,4.651644644E0
2.207812500E4,6.575944139E0
2.210156250E4,4.330198460E-1
2.212500000E4,4.444383281E0
2.214843750E4,5.852366653E0
2.217187500E4,2.509930471E0
2.219531250E4,2.653641507E0
2.221875000E4,1.505288601E0
2.224218750E4,2.444452412E0
2.226562500E4,1.035939384E0
2.228906250E4,2.774782959E0
2.231250000E4,4.419165424E0
2.233593750E4,3.243648744E0
2.235937500E4,3.638665839E0
2.238281250E4,6.064857064E-2
2.240625000E4,2.556041263E0
2.242968750E4,2.825423669E0
2.245312500E4,4.925512163E0
2.247656250E4,3.733453349E0
2.250000000E4,3.428891829E0
2.252343750E4,1.653358263E0
2.254687500E4,2.947908149E0
2.257031250E4,7.160360594E-1
2.259375000E4,3.113588841E0
2.261718750E4,5.853310922E0
2.264062500E4,3.483020699E0
2.266406250E4,1.358079011E0
2.268750000E4,1.922922181E0
2.271093750E4,3.608818198E-1
2.273437500E4,5.255641326E0
2.275781250E4,4.746712569E0
2.278125000E4,3.593370789E0
2.280468750E4,1.612871225E0
2.282812500E4,2.828790783E0
2.285156250E4,4.495143919E0
2.287500000E4,4.414495316E0
2.289843750E4,2.870417505E0
2.292187500E4,1.746822106E0
2.294531250E4,4.975109844E0
2.296875000E4,3.454896032E0
2.299218750E4,3.062926239E0
2.301562500E4,1.557599567E0
2.303906250E4,3.904714684E0
2.306250000E4,3.002226725E0
2.308593750E4,5.511724546E0
2.310937500E4,4.391758668E0
2.313281250E4,4.208661625E0
2.315625000E4,3.049144240E0
2.317968750E4,4.401943139E0
2.320312500E4,1.471124193E0
2.322656250E4,2.195033352E0
2.325000000E4,3.819244441E0
2.327343750E4,5.424904274E0
2.329687500E4,1.654092953E0
2.332031250E4,2.819604853E0
2.334375000E4,1.189510526E0
2.336718750E4,1.612676356E0
2.339062500E4,1.232942137E0
2.341406250E4,1.804519400E0
2.343750000E4,5.430774232E-1
2.346093750E4,5.279723331E-1
2.348437500E4,2.300383657E0
2.350781250E4,4.512029096E-1
2.353125000E4,3.507977662E0
2.355468750E4,2.463296181E0
2.357812500E4,3.352972253E0
2.360156250E4,2.219708435E0
2.362500000E4,3.701342751E0
2.364843750E4,1.631525396E0
2.367187500E4,2.774636840E0
2.369531250E4,5.953965954E0
2.371875000E4,3.260235246E0
2.374218750E4,9.713046612E-1
2.376562500E4,5.800747916E0
2.378906250E4,3.930500535E-1
2.381250000E4,3.004332423E0
2.383593750E4,2.785529047E0
2.385937500E4,1.479144519E0
2.388281250E4,2.574943372E0
2.390625000E4,1.873843031E0
2.392968750E4,1.390557612E0
2.395312500E4,2.701461168E0
2.397656250E4,3.073669539E0
